,mean,std,ci
ada_gpt4o,0.8247058823529411,0.020339298007670474,0.012606427511780057
di_gpt4o,0.671764705882353,0.02033929800767049,0.012606427511780068
tablemage_gpt4o,0.9423529411764706,0.01612141552242703,0.009992156862745094
tablemage_llama3.3_70b,0.9164705882352943,0.017928046197117565,0.011111918156003863
openinterpreter_gpt4o,0.8047058823529412,0.05058671528344189,0.031353970969856815
tablemage_gpt4o-tools_only,0.8505882352941174,0.01116097997706485,0.006917647058823518
