,mean,std,ci
ada_gpt4o,0.8181818181818181,0.028345889293741995,0.017568964204356444
di_gpt4o,0.7022727272727274,0.029242816766089082,0.01812488561124096
tablemage_gpt4o,0.9272727272727271,0.017927514494241282,0.011111588603146868
tablemage_llama3.3_70b,0.940909090909091,0.019165319152535665,0.011878787878787898
openinterpreter_gpt4o,0.8363636363636363,0.04886216817150635,0.030285085595884408
tablemage_gpt4o-tools_only,0.925,0.015339739947967121,0.009507669322248781
