,mean,std,ci
ada_gpt4o,0.7,0.05960312176355107,0.036942397604117966
di_gpt4o,0.24285714285714283,0.03513641844631533,0.021777777777777778
tablemage_gpt4o,0.8714285714285713,0.04517539514526258,0.028000000000000008
tablemage_llama3.3_70b,0.7761904761904761,0.032140407510026336,0.0199208309609022
openinterpreter_gpt4o,0.7142857142857144,0.08694008849288351,0.053886025124365064
tablemage_gpt4o-tools_only,0.857142857142857,0.0,0.0
