,mean,std,ci
ada_gpt4o,0.72,0.11674600476945508,0.07235992342808634
di_gpt4o,0.26666666666666666,0.03142696805273544,0.019478636603998165
tablemage_gpt4o,0.8866666666666667,0.0632455532033676,0.0392
tablemage_llama3.3_70b,0.8466666666666669,0.032203059435976525,0.01995966302691876
openinterpreter_gpt4o,0.6933333333333335,0.10976968031314197,0.06803595273234242
tablemage_gpt4o-tools_only,0.7066666666666668,0.03442651863295481,0.021337777314911235
