,mean,std,ci
ada_gpt4o,0.8600000000000001,0.02108185106778919,0.013066666666666662
di_gpt4o,0.8666666666666669,1.1702778228589004e-16,7.253457094217689e-17
tablemage_gpt4o,1.0,0.0,0.0
tablemage_llama3.3_70b,0.9000000000000001,0.05665577237325315,0.03511561152592256
openinterpreter_gpt4o,0.7933333333333332,0.05837300238472758,0.036179961714043196
tablemage_gpt4o-tools_only,0.1933333333333333,0.03784308081316978,0.023455384493296948
