,mean,std,ci
ada_gpt4o,0.8283018867924528,0.020764244049332296,0.012869811797147593
di_gpt4o,0.7339622641509433,0.024277055428451332,0.01504707484706798
tablemage_gpt4o,0.939622641509434,0.014883219580124818,0.009224715066763426
tablemage_llama3.3_70b,0.941509433962264,0.0225890377309031,0.014000830638702557
openinterpreter_gpt4o,0.8339622641509434,0.04773249298367364,0.029584905660377348
tablemage_gpt4o-tools_only,0.8207547169811322,0.016034652558467873,0.009938380620544121
