,mean,std,ci
ada_gpt4o,0.6944444444444444,0.0392837100659193,0.024348295754997702
di_gpt4o,0.55,0.08050764858994132,0.04989915756729692
tablemage_gpt4o,0.8222222222222222,0.04382281320814529,0.027161661029914526
tablemage_llama3.3_70b,0.8555555555555555,0.03884477215445002,0.02407623921887621
openinterpreter_gpt4o,0.7166666666666666,0.1029403119236096,0.06380306635045187
tablemage_gpt4o-tools_only,0.75,0.029280348705262787,0.018148148148148156
