,mean,std,ci
ada_gpt4o,0.8875,0.034303025097856835,0.021261235228856985
di_gpt4o,0.8416666666666666,0.038289024311361726,0.023731783137054777
tablemage_gpt4o,1.0,0.0,0.0
tablemage_llama3.3_70b,0.9458333333333332,0.028122856571273065,0.017430727090789435
openinterpreter_gpt4o,0.8333333333333334,0.0809854429839625,0.05019529760081682
tablemage_gpt4o-tools_only,0.7916666666666667,0.02777777777777779,0.017216845038694518
