,mean,std,ci
ada_gpt4o,0.6916666666666667,0.04890782461571948,0.030313383753185676
di_gpt4o,0.2958333333333333,0.030744366140525902,0.019055555555555548
tablemage_gpt4o,0.8874999999999998,0.039528470752104736,0.024499999999999994
tablemage_llama3.3_70b,0.8041666666666668,0.028122856571273055,0.01743072709078943
openinterpreter_gpt4o,0.6958333333333333,0.08110445178142463,0.05026906001768611
tablemage_gpt4o-tools_only,0.7916666666666667,1.1702778228589004e-16,7.253457094217689e-17
