,mean,std,ci
ada_gpt4o,0.8300000000000001,0.016329931618554505,0.010121396478088705
di_gpt4o,0.701,0.017288403306519897,0.010715463385013045
tablemage_gpt4o,0.951,0.013703203194062971,0.00849333333333333
tablemage_llama3.3_70b,0.9139999999999999,0.019550504398153565,0.012117528167447714
openinterpreter_gpt4o,0.8029999999999999,0.0473872931866292,0.029370948609505645
tablemage_gpt4o-tools_only,0.752,0.010327955589886454,0.006401333194473377
