,mean,std,ci
ada_gpt4o,0.0,0.0,0.0
di_gpt4o,0.006666666666666666,0.021081851067789193,0.013066666666666664
tablemage_gpt4o,0.0,0.0,0.0
tablemage_llama3.3_70b,0.0,0.0,0.0
openinterpreter_gpt4o,0.08,0.06885303726590963,0.042675554629822476
tablemage_gpt4o-tools_only,0.5333333333333333,0.09938079899999064,0.06159685738336146
