,mean,std,ci
ada_gpt4o,0.03888888888888888,0.06441676715157808,0.03992592592592591
di_gpt4o,0.01111111111111111,0.023424278964210215,0.014518518518518516
tablemage_gpt4o,0.0,0.0,0.0
tablemage_llama3.3_70b,0.0,0.0,0.0
openinterpreter_gpt4o,0.061111111111111116,0.0611391630341451,0.03789444584715681
tablemage_gpt4o-tools_only,0.11111111111111113,1.4628472785736255e-17,9.066821367772112e-18
