,mean,std,ci
ada_gpt4o,0.1,0.029133579115837544,0.018057179414157177
di_gpt4o,0.10833333333333335,0.05270462766947299,0.03266666666666666
tablemage_gpt4o,0.0,0.0,0.0
tablemage_llama3.3_70b,0.0,0.0,0.0
openinterpreter_gpt4o,0.1375,0.07619925957969557,0.04722879039288756
tablemage_gpt4o-tools_only,0.20416666666666666,0.030744366140525916,0.019055555555555558
