,mean,std,ci
ada_gpt4o,0.03333333333333333,0.026352313834736494,0.01633333333333333
di_gpt4o,0.15416666666666667,0.05572889624371911,0.03454112774900147
tablemage_gpt4o,0.0125,0.028122856571273037,0.01743072709078942
tablemage_llama3.3_70b,0.0,0.0,0.0
openinterpreter_gpt4o,0.10416666666666666,0.07149743153463195,0.044314567178271425
tablemage_gpt4o-tools_only,0.13333333333333333,0.01756820922315766,0.010888888888888887
