,mean,std,ci
ada_gpt4o,0.03333333333333333,0.05665577237325317,0.035115611525922574
di_gpt4o,0.11333333333333333,0.054884840156570976,0.0340179763661712
tablemage_gpt4o,0.02,0.044996570514036854,0.027889163345263066
tablemage_llama3.3_70b,0.0,0.0,0.0
openinterpreter_gpt4o,0.08666666666666666,0.07730012058189371,0.0479111111111111
tablemage_gpt4o-tools_only,0.19999999999999998,0.0,0.0
