,mean,std,ci
ada_gpt4o,0.007547169811320755,0.018228146850552754,0.01129792246806723
di_gpt4o,0.052830188679245285,0.011933123245918413,0.00739622641509434
tablemage_gpt4o,0.0,0.0,0.0
tablemage_llama3.3_70b,0.0018867924528301887,0.0059665616229592055,0.003698113207547169
openinterpreter_gpt4o,0.0509433962264151,0.047106876254274226,0.029197144394164706
tablemage_gpt4o-tools_only,0.10566037735849057,0.01319256412792643,0.008176835961127775
