,mean,std,ci
ada_gpt4o,0.032999999999999995,0.018885620632287062,0.011705428939883692
di_gpt4o,0.071,0.011972189997378646,0.007420440238512357
tablemage_gpt4o,0.003,0.0067494855771055295,0.004183374501789461
tablemage_llama3.3_70b,0.001,0.0031622776601683794,0.00196
openinterpreter_gpt4o,0.07999999999999999,0.04,0.02479225685572009
tablemage_gpt4o-tools_only,0.16599999999999998,0.01429840705968481,0.008862244511283682
