Method,Mean AUROC,Std AUROC
ada_gpt4o,0.7135694444444445,0.029892883846294956
di_gpt4o,0.725125,0.012996499765396345
openinterpreter_gpt4o,0.7395714285714285,0.030022923338492734
tablemage_gpt4o,0.73225,0.005365461258968123
tablemage_gpt4o-tools_only,0.7353999999999999,0.002901759241154667
tablemage_llama3.3_70b,0.7491249999999999,0.009889984809704246
