Method,Mean NRMSE,Std NRMSE
ada_gpt4o,0.04953391470503271,0.0004599685722803409
di_gpt4o,0.049914273562876046,0.0007808119624674903
openinterpreter_gpt4o,0.07110406586454722,0.048530170143108946
tablemage_gpt4o,0.04939631724383277,0.001177476367352728
tablemage_gpt4o-tools_only,0.048695995757175876,0.00023882702305552363
tablemage_llama3.3_70b,0.047661925651987756,0.0033590551527069613
