Task ID,y_min,y_max,y_std
361093,0.0,2.3,0.5494306588049053
361094,1.0,40.0,12.384738060905708
361288,1.0,29.0,3.2237830658212117
361072,0.0,99.0,18.400781307642372
361076,3.0,9.0,0.8731880644450568
361279,0.0,1.0,0.02975111461720718
361280,1.0,29.0,3.2237830658212117
